{
  "project_info": {
    "project_number": "948376230838",
    "project_id": "rimo-chat",
    "storage_bucket": "rimo-chat.appspot.com"
  },
  "client": [
    {
      "client_info": {
        "mobilesdk_app_id": "1:948376230838:android:86f430e54e470d96d63f17",
        "android_client_info": {
          "package_name": "com.rimotechnology.rimo_chat"
        }
      },
      "oauth_client": [
        {
          "client_id": "948376230838-mdtlj5b3pisu8oj1qdab9q9fti533698.apps.googleusercontent.com",
          "client_type": 3
        }
      ],
      "api_key": [
        {
          "current_key": "AIzaSyDAfoOmiNYzcj2quAdjgB-kjquejEjZDtY"
        }
      ],
      "services": {
        "appinvite_service": {
          "other_platform_oauth_client": [
            {
              "client_id": "948376230838-mdtlj5b3pisu8oj1qdab9q9fti533698.apps.googleusercontent.com",
              "client_type": 3
            }
          ]
        }
      }
    }
  ],
  "configuration_version": "1"
}